['10.02.2025', '5', '1', 'de34:0dae:4e14:3288:e3a0:daf5:afdd:d328', '26419', '288"\n']
['10.02.2025', '2', '1', '145.177.90.200', '43630', '778"\n']
['10.02.2025', '1', '1', '9.180.154.73', '39992', '164"\n']
['10.02.2025', '3', '1', '178.230.63.37', '1240', '433"\n']
['10.02.2025', '2', '1', '244.218.226.98', '50846', '750"\n']
['10.02.2025', '2', '1', '19.40.35.85', '50204', '587"\n']
['10.02.2025', '2', '1', '166.31.117.71', '14799', '76"\n']
['10.02.2025', '2', '1', 'edbe:b0bc:5fb7:ac4b:e52c:accd:e39b:81ee', '37604', '764"\n']
['10.02.2025', '2', '1', '7ca4:54ef:3574:a1e2:c2e3:e72d:3dff:15fa', '46074', '415"\n']
['10.02.2025', '4', '1', '224.134.211.26', '8022', '157"\n']
['10.02.2025', '2', '1', '017d:58ff:a89b:dd2d:5bfc:dfdc:0862:3b4c', '30418', '64"\n']
['10.02.2025', '4', '1', '3ffa:7ff7:1fea:3b33:48d1:b4ae:bcdc:cb08', '31007', '260"\n']
['10.02.2025', '3', '1', 'bc3e:39db:2621:beab:f891:f3f7:2661:e5de', '41747', '556"\n']
['10.02.2025', '3', '1', '47.137.98.65', '13237', '554"\n']
['10.02.2025', '1', '1', 'ecfa:5e7c:f52d:ef1f:deb0:ff5d:cc7b:193b', '2794', '889"\n']
['10.02.2025', '2', '1', '8aaf:be66:549d:6f88:d770:0ecb:337d:a355', '45128', '368"\n']
['10.02.2025', '3', '1', '157.116.131.150', '55920', '809"\n']
['10.02.2025', '2', '1', '154.155.26.237', '17347', '389"\n']
['10.02.2025', '1', '1', '6eed:f3e4:e06c:004d:90d7:c95c:2f0e:f921', '13261', '677"\n']
['10.02.2025', '4', '1', '59.136.120.94', '51102', '79"\n']
['10.02.2025', '5', '1', '87.67.83.140', '14579', '719"\n']
['10.02.2025', '2', '1', '71.32.129.38', '32367', '40"\n']
['10.02.2025', '3', '1', '120e:dfbc:9fc1:54c8:d924:3a83:ca17:7216', '47186', '855"\n']
['10.02.2025', '5', '1', 'de6e:e27c:80de:c382:ef09:c526:4d15:4ce4', '10591', '410"\n']
['10.02.2025', '4', '1', '248.158.101.183', '56923', '691"\n']
['10.02.2025', '4', '1', 'c1dd:0e1e:b102:1699:e63c:e357:26ee:606d', '23049', '113"\n']
['10.02.2025', '3', '1', 'c9cf:3a7c:cd8f:c3c8:a083:5aac:5491:e532', '23506', '310"\n']
['10.02.2025', '4', '1', '0.142.158.185', '511', '685"\n']
['10.02.2025', '5', '1', '224.79.242.37', '23169', '509"\n']
['10.02.2025', '1', '1', '90db:f1ed:32f6:4aba:aa42:e6db:ce1b:9d95', '55716', '43"\n']
['10.02.2025', '1', '1', 'd41d:472f:bbf8:0fcc:accb:7f0b:4ea9:3334', '31445', '691"\n']
['10.02.2025', '5', '1', '224.155.218.78', '54597', '522"\n']
['10.02.2025', '2', '1', 'fbc0:cdbb:cc41:f8ea:b02c:bfad:e98f:d0a9', '43129', '614"\n']
['10.02.2025', '5', '1', '28.85.202.235', '63919', '377"\n']
['10.02.2025', '3', '1', '0fa1:a3ca:be47:6e43:3e6c:c2dc:6916:477b', '39513', '464"\n']
['10.02.2025', '1', '1', '106.156.247.160', '42794', '442"\n']
['10.02.2025', '4', '1', '78.62.110.55', '8949', '851"\n']
['10.02.2025', '1', '1', '1cad:d6e9:b03b:1edb:c6dc:2d8a:47ec:1702', '55352', '755"\n']
['10.02.2025', '2', '1', '199.180.194.0', '27768', '603"\n']
['10.02.2025', '5', '1', '101.125.148.86', '27970', '924"\n']
['10.02.2025', '4', '1', '186.131.237.202', '61487', '469"\n']
['10.02.2025', '1', '1', '150.159.4.103', '37107', '972"\n']
['10.02.2025', '5', '1', '3.12.190.245', '25676', '156"\n']
['10.02.2025', '2', '1', '164.23.146.175', '8670', '294"\n']
['10.02.2025', '3', '1', '96.146.125.91', '13067', '646"\n']
['10.02.2025', '1', '1', 'b38d:71e1:f14b:560c:edef:e8ca:d5a2:0c78', '13304', '961"\n']
['10.02.2025', '5', '1', '27d4:0c7d:70be:c1a3:4e9e:38b6:5bae:639d', '29897', '996"\n']
['10.02.2025', '2', '1', 'fbbe:e3ae:fc5c:ec8b:759e:ff6e:8cf8:1d1f', '6299', '815"\n']
['10.02.2025', '5', '1', '5.96.137.226', '50181', '853"\n']
['10.02.2025', '4', '1', '894f:e9af:b5dc:edc9:87f5:8fde:ec5d:4ffe', '33862', '357"\n']
['10.02.2025', '4', '1', '6ac9:fc1c:bd7b:dc4d:ccb3:9841:bc5e:3acb', '24928', '52"\n']
['10.02.2025', '3', '1', '2b33:f891:db8d:df8f:ccdc:ff4f:2cae:bbb0', '8487', '837"\n']
['10.02.2025', '4', '1', '5424:d0db:fa8b:ce2a:4b6c:943f:2c7a:bb1e', '5785', '487"\n']
['10.02.2025', '3', '1', '20.213.53.40', '50506', '626"\n']
['10.02.2025', '4', '1', '0e54:2fee:dedf:ff73:c448:a3ec:bb87:fcd8', '52346', '550"\n']
['10.02.2025', '3', '1', '6acb:51e1:1aca:0d4e:acb2:f3db:0ecd:57cc', '64389', '170"\n']
['10.02.2025', '3', '1', '0cbf:015f:5983:ed6b:21e4:120a:0c6e:fbae', '48561', '370"\n']
['10.02.2025', '1', '1', '163.149.107.100', '53935', '892"\n']
['10.02.2025', '3', '1', 'f5b0:64c6:aa3e:a763:1077:cbf7:de4f:c8f7', '7876', '391"\n']
['10.02.2025', '3', '1', '59c5:c1ca:2cc9:6ce1:154e:ffeb:a5f9:b8ed', '20867', '989"\n']
['10.02.2025', '1', '1', '71.131.243.218', '23624', '167"\n']
['10.02.2025', '5', '1', 'f6cf:afef:cd4a:ffec:bca4:cd4e:2be9:74eb', '18905', '475"\n']
['10.02.2025', '5', '1', '122.229.174.67', '31916', '497"\n']
['10.02.2025', '4', '1', '115.187.148.46', '7336', '635"\n']
['10.02.2025', '1', '1', 'accf:ac86:7cb2:fcab:d905:ae93:c4ef:1dca', '30861', '11"\n']
['10.02.2025', '3', '1', '68.188.219.76', '22020', '5"\n']
['10.02.2025', '4', '1', 'edba:a894:68f7:bcbc:e80c:cfc3:2700:bf5e', '22206', '265"\n']
['10.02.2025', '4', '1', 'aaff:e9a0:bac6:e621:0df3:d8c0:fba3:68f5', '33250', '687"\n']
['10.02.2025', '1', '1', 'ffea:affc:d5ff:f91e:9acb:5aa5:89e1:a2f6', '53881', '915"\n']
['10.02.2025', '2', '1', '0ba7:8148:b45e:8519:2bdf:eda2:4dec:86cf', '30012', '444"\n']
['10.02.2025', '4', '1', '2a29:dccb:85d0:19a3:e23c:32e0:ac7b:4ac1', '4282', '1000"\n']
['10.02.2025', '1', '1', '209.147.143.3', '37049', '924"\n']
['10.02.2025', '2', '1', 'de6a:9f5d:afde:8799:a7e4:6543:ae84:9ab4', '44057', '216"\n']
['10.02.2025', '5', '1', '4ece:66bf:0deb:1356:e4ae:5ddd:0fe5:d75a', '63528', '8"\n']
['10.02.2025', '5', '1', 'c3eb:02ca:cca1:8934:ea3b:faff:f4ea:95b1', '2952', '263"\n']
['10.02.2025', '5', '1', 'ca4c:57bf:2e5c:f87d:995f:6a9d:e2aa:6ffe', '59647', '416"\n']
['10.02.2025', '1', '1', '94.204.64.39', '49364', '985"\n']
['10.02.2025', '3', '1', '192.97.164.206', '3391', '412"\n']
['10.02.2025', '3', '1', '719f:f496:b042:88fc:a81a:e6ab:1d1f:bf76', '40245', '776"\n']
['10.02.2025', '5', '1', 'fd7f:bd46:d739:635c:55e5:fcf7:baae:dff7', '8051', '127"\n']
['10.02.2025', '5', '1', '20.131.6.117', '8637', '42"\n']
['10.02.2025', '2', '1', '204.23.151.98', '18730', '896"\n']
['10.02.2025', '2', '1', 'daad:ddfa:8c2d:bef5:86b4:9eec:432a:ddb1', '22190', '94"\n']
['10.02.2025', '1', '1', 'bf3d:ab8a:5e49:4d8e:ecbc:ed6c:0eba:af98', '44554', '908"\n']
['10.02.2025', '3', '1', '119.172.146.45', '27421', '724"\n']
['10.02.2025', '3', '1', 'cb71:d4bf:43b9:ce2c:e23e:0d49:ca7c:d7d7', '2806', '526"\n']
['10.02.2025', '1', '1', '232.19.187.160', '49320', '717"\n']
['10.02.2025', '1', '1', '211.207.149.251', '12935', '809"\n']
['10.02.2025', '3', '1', '212.53.176.130', '31723', '23"\n']
['10.02.2025', '4', '1', '578b:7c51:2d0c:e6c5:0b3b:4dd3:cf62:5466', '35871', '430"\n']
['10.02.2025', '3', '1', 'cf77:29b3:2f89:a4fe:ee25:ec0c:8b38:f93c', '45108', '551"\n']
['10.02.2025', '2', '1', '146.232.73.107', '37004', '658"\n']
['10.02.2025', '3', '1', '0dda:ccb0:442a:ccec:d99e:91f3:cdb9:afc1', '37835', '613"\n']
['10.02.2025', '2', '1', '6f76:fcd7:9951:b722:ce1a:3e9f:0735:bbc1', '25129', '168"\n']
['10.02.2025', '1', '1', '132.152.87.81', '16758', '202"\n']
['10.02.2025', '4', '1', '94.202.18.15', '29556', '710"\n']
['10.02.2025', '1', '1', '241.14.249.208', '53401', '241"\n']
['10.02.2025', '3', '1', '3aac:cc20:1c31:d222:7a6d:236b:a4a4:7dbf', '56003', '850"\n']
['10.02.2025', '2', '1', 'eeea:ae5d:a436:e0cc:adea:c2e3:c82e:b7fc', '1147', '874"\n']
['10.02.2025', '3', '1', '249b:5355:c3ec:8b2f:b0cb:ec9f:bc70:69e5', '18986', '949"\n']
['10.02.2025', '5', '1', '31.171.185.16', '54786', '358"\n']
['10.02.2025', '5', '1', '183.60.109.15', '50922', '987"\n']
['10.02.2025', '5', '1', '155.197.122.34', '43685', '95"\n']
['10.02.2025', '3', '1', '8b8e:5c7c:a84d:2b6e:dadb:cb1c:0c5c:ac93', '56197', '912"\n']
['10.02.2025', '4', '1', '7cdc:587a:d9ad:42c9:fd6f:365f:ea5f:1a4b', '24798', '504"\n']
['10.02.2025', '3', '1', '149.138.238.104', '54939', '803"\n']
['10.02.2025', '5', '1', '102.245.208.185', '4174', '133"\n']
['10.02.2025', '5', '1', '3.19.35.34', '46953', '26"\n']
['10.02.2025', '3', '1', 'de27:0397:7459:883a:5e6d:164c:a5ec:40fc', '29756', '366"\n']
['10.02.2025', '3', '1', '18.80.97.99', '25581', '109"\n']
['10.02.2025', '2', '1', '1d2a:8ef1:76ac:dfb1:ceab:e6aa:7bcf:f6a2', '19605', '784"\n']
['10.02.2025', '2', '1', 'bec6:0fd5:1f3f:6af3:3cf3:6c2e:90dc:ce1a', '48558', '35"\n']
['10.02.2025', '2', '1', '7fbb:e0ea:3f87:fdbb:d0e7:6abe:dcac:c3f9', '9995', '823"\n']
['10.02.2025', '1', '1', '109.103.71.230', '49349', '869"\n']
['10.02.2025', '4', '1', 'c0b3:7a51:76ce:7c3d:9f9e:2452:0a98:ee7b', '10607', '531"\n']
['10.02.2025', '4', '1', '0bf7:a236:b853:f23b:d5eb:cf9b:b1d8:b2aa', '15256', '924"\n']
['10.02.2025', '5', '1', '47.177.154.50', '64247', '785"\n']
['10.02.2025', '5', '1', '204.179.62.236', '60255', '101"\n']
['10.02.2025', '4', '1', '90.36.194.141', '23296', '256"\n']
['10.02.2025', '2', '1', '8ed7:64ed:aa6f:bcfd:d3bb:deec:03db:7ce8', '57118', '882"\n']
['10.02.2025', '5', '1', '144.79.181.118', '35377', '561"\n']
['10.02.2025', '2', '1', '131.131.33.150', '63296', '858"\n']
['10.02.2025', '1', '1', '119.198.2.178', '62533', '245"\n']
['10.02.2025', '4', '1', 'b97b:c126:fa7d:decd:36af:efa5:baa3:a49d', '43916', '19"\n']
['10.02.2025', '1', '1', 'bcce:cfe0:21fb:bf9e:29cc:f0c5:c382:f026', '34348', '128"\n']
['10.02.2025', '2', '1', 'e479:a3ae:b67e:c436:6be3:cfc4:cded:3fd9', '23604', '448"\n']
['10.02.2025', '2', '1', '32.22.41.52', '51586', '936"\n']
['10.02.2025', '5', '1', '244.220.96.232', '10819', '333"\n']
['10.02.2025', '4', '1', '33.221.126.144', '39762', '677"\n']
['10.02.2025', '3', '1', '46.0.232.223', '41103', '762"\n']
['10.02.2025', '1', '1', '71e1:ba07:f5ec:cdf2:cdcf:4e92:0cb2:8aa8', '364', '120"\n']
['10.02.2025', '1', '1', '71.114.38.51', '28030', '447"\n']
['10.02.2025', '4', '1', 'dbcc:1f65:fcea:dbdb:5f44:755e:5e70:1db3', '40892', '411"\n']
['10.02.2025', '4', '1', 'a9fc:dffc:3a92:fdd8:fc8e:eac3:7efd:0ac2', '20673', '514"\n']
['10.02.2025', '2', '1', '8b49:ce18:f421:92bf:8f9b:5d9c:d58c:bbb3', '51689', '124"\n']
['10.02.2025', '5', '1', '9cd0:b80f:715b:7641:d98c:48d9:5943:b71c', '49633', '688"\n']
['10.02.2025', '3', '1', 'c76c:ab5b:e4d4:b68d:8b7b:52de:cf7f:dd6b', '3053', '390"\n']
['10.02.2025', '4', '1', '100.134.214.106', '57115', '815"\n']
['10.02.2025', '2', '1', 'f9cf:bf7c:e9fc:d8d5:5b92:fdaf:ea70:dabe', '11536', '840"\n']
['10.02.2025', '1', '1', 'cbec:04d2:52dc:0e39:3003:8bfa:8d2e:83ee', '24645', '252"\n']
['10.02.2025', '3', '1', 'a7ab:b2be:5df6:2da4:d512:d0f6:ae7d:bdd5', '52924', '716"\n']
['10.02.2025', '5', '1', '3f9a:abdd:9dbb:c2ae:f42d:af4d:26a4:d9d7', '14246', '784"\n']
['10.02.2025', '3', '1', '26.4.146.207', '816', '410"\n']
['10.02.2025', '3', '1', '214.242.80.133', '61609', '940"\n']
['10.02.2025', '1', '1', '186.1.176.17', '64919', '931"\n']
['10.02.2025', '3', '1', 'fb3e:ebf9:ed19:3cac:a129:fa07:ea70:8c50', '25359', '564"\n']
['10.02.2025', '4', '1', '61.5.216.87', '54335', '532"\n']
['10.02.2025', '2', '1', '209.174.27.75', '48524', '484"\n']
['10.02.2025', '4', '1', '151.77.82.19', '37615', '9"\n']
['10.02.2025', '2', '1', '3ca9:1c0c:cfbe:a0c1:fbb9:6073:9c86:bd43', '1495', '382"\n']
['10.02.2025', '1', '1', 'f3bf:a941:6f5f:5ff8:02ff:db3a:8f1d:e42e', '38867', '416"\n']
['10.02.2025', '1', '1', '234.90.38.211', '9033', '49"\n']
['10.02.2025', '1', '1', '77.72.219.170', '49995', '24"\n']
['10.02.2025', '1', '1', 'd01e:ccc2:e4fe:a8c4:3c2c:55da:d3e3:d4d3', '5738', '922"\n']
['10.02.2025', '5', '1', '36.134.191.19', '9513', '444"\n']
['10.02.2025', '1', '1', 'bea5:48d0:b675:10db:abdd:78cf:31db:c646', '25669', '194"\n']
['10.02.2025', '2', '1', '0d92:1125:c20c:be50:4d0f:98f1:ae88:c8ea', '14070', '382"\n']
['10.02.2025', '2', '1', '73.140.207.165', '3607', '464"\n']
['10.02.2025', '5', '1', '0bc3:1aad:c5dc:d2cd:fb29:e056:e75d:5d1d', '20346', '698"\n']
['10.02.2025', '4', '1', 'e4e3:bfa6:f65b:bf6d:cead:8ca1:13b7:f0fc', '56171', '519"\n']
['10.02.2025', '2', '1', '21.179.206.54', '41946', '245"\n']
['10.02.2025', '4', '1', '110.46.48.224', '52109', '677"\n']
['10.02.2025', '1', '1', '95.49.127.183', '7192', '674"\n']
['10.02.2025', '4', '1', 'fbad:cc98:d1db:a9f0:b6b9:f909:0fce:cc7e', '680', '919"\n']
['10.02.2025', '5', '1', '171.169.93.16', '24934', '540"\n']
['10.02.2025', '5', '1', '67d8:7cab:b3f8:a2bb:3dbc:e373:e641:1662', '52733', '763"\n']
['10.02.2025', '3', '1', '123.104.110.47', '65198', '484"\n']
['10.02.2025', '1', '1', '52.12.235.73', '35202', '353"\n']
['10.02.2025', '5', '1', '65.112.203.242', '55332', '633"\n']
['10.02.2025', '1', '1', 'b3f6:7abe:53ae:6cda:c7ce:5e5c:be17:8f4f', '6390', '256"\n']
['10.02.2025', '2', '1', '16.194.173.19', '27061', '501"\n']
['10.02.2025', '3', '1', 'd8ca:ee4d:b6ca:3562:6afb:39b1:b7ec:1dea', '27948', '174"\n']
['10.02.2025', '3', '1', 'bda3:7641:756b:33c3:782e:eeef:bcf2:d7dc', '52315', '215"\n']
['10.02.2025', '3', '1', 'ee7a:e714:c8e2:ffde:34fa:8bff:9b34:4c6f', '12676', '196"\n']
['10.02.2025', '1', '1', '249.195.33.150', '38314', '752"\n']
['10.02.2025', '4', '1', 'bc8f:fc9f:fe2d:8ae0:a99f:39fa:afc1:f455', '25038', '825"\n']
['10.02.2025', '2', '1', 'b80b:62fa:5d7b:6b82:2fd6:e2dd:1d6c:a82f', '31820', '40"\n']
['10.02.2025', '5', '1', 'a4b9:e854:bbaa:f0d1:44f6:259e:2d67:dec0', '64903', '226"\n']
['10.02.2025', '5', '1', '130.217.157.138', '11804', '745"\n']
['10.02.2025', '1', '1', 'd076:87f0:1c2a:f3cb:5f8e:63bb:cf8d:5bd4', '27620', '576"\n']
['10.02.2025', '2', '1', '2540:8f35:ac48:e5ee:a9b0:cff7:acce:c75d', '40369', '229"\n']
['10.02.2025', '1', '1', '3.177.208.98', '49313', '647"\n']
['10.02.2025', '1', '1', 'c155:cb4e:caed:16bc:dedb:37ea:4bb3:a479', '57372', '952"\n']
['10.02.2025', '1', '1', 'cea9:aa53:f09a:8beb:c7bd:b4b3:6ab7:ece6', '4454', '930"\n']
['10.02.2025', '1', '1', 'd7df:656a:36f7:bcbd:af26:1d55:de7d:a6fd', '36305', '482"\n']
['10.02.2025', '2', '1', '14d9:efdd:7cbe:ba4d:bbe8:c4fc:81e3:58a5', '72', '785"\n']
['10.02.2025', '1', '1', '14ed:7a9d:4dad:bb26:bf9f:4f3e:9bee:e5e5', '10811', '245"\n']
['10.02.2025', '3', '1', 'd749:aa18:0d43:c4d9:75dd:a1ab:d8ac:e10c', '50986', '243"\n']
['10.02.2025', '3', '1', '150.167.147.73', '30485', '2"\n']
['10.02.2025', '5', '1', '39.217.46.185', '64516', '367"\n']
['10.02.2025', '5', '1', 'd9a2:f99f:2bbb:5a9d:ae1f:efaa:867c:7c18', '39529', '550"\n']
['10.02.2025', '5', '1', 'd2e4:dbb0:1ac2:4788:d170:83ec:7fab:cd04', '45129', '714"\n']
['10.02.2025', '1', '1', '16aa:894d:56bc:e97f:ebbd:1851:54eb:008a', '31549', '214"\n']
['10.02.2025', '5', '1', '193.23.170.5', '16093', '617"\n']
['10.02.2025', '4', '1', 'f1ae:baeb:aa7b:2bba:e49c:ed86:ff40:c6ca', '10403', '991"\n']
['10.02.2025', '3', '1', '55.45.10.123', '55083', '106"\n']
['10.02.2025', '3', '1', '182.65.186.180', '46510', '453"\n']
['10.02.2025', '4', '1', '251.0.159.185', '35387', '466"\n']
['10.02.2025', '2', '1', 'eb9b:c6c7:d53d:5d7e:bd40:b4b0:10a6:ca6d', '41685', '25"\n']
['10.02.2025', '4', '1', '4da6:ec47:9492:0c78:aec2:6cfa:ca70:beee', '28979', '805"\n']
['10.02.2025', '3', '1', '6d11:cd09:dbb0:aa74:ae2a:eeff:c3bd:29ca', '35231', '778"\n']
['10.02.2025', '3', '1', '32.91.46.166', '19128', '811"\n']
['10.02.2025', '1', '1', 'bd2d:fe20:5110:7768:d3db:a407:b995:65ea', '54978', '727"\n']
['10.02.2025', '1', '1', '7cb2:dab4:afaf:fd22:25a8:52df:e5a6:0baa', '61465', '782"\n']
['10.02.2025', '5', '1', '3045:6f68:fbb9:c51c:0829:f57a:d4ea:9efe', '34338', '778"\n']
['10.02.2025', '3', '1', '48.169.250.143', '51617', '873"\n']
['10.02.2025', '1', '1', 'c59c:dfdf:9f1b:db1c:6f49:8dec:bc9b:f80e', '3257', '944"\n']
['10.02.2025', '5', '1', '110.3.150.73', '64750', '379"\n']
['10.02.2025', '4', '1', '178.245.156.101', '46017', '658"\n']
['10.02.2025', '1', '1', 'db5c:3fc8:de3c:8e1d:d9c2:3e8c:c9c2:b05a', '42127', '736"\n']
['10.02.2025', '5', '1', '152.229.101.7', '29563', '874"\n']
['10.02.2025', '1', '1', '470e:2f6d:e0ec:f954:13dd:0afe:3693:ade4', '11830', '663"\n']
['10.02.2025', '3', '1', '42.246.77.133', '35923', '509"\n']
['10.02.2025', '1', '1', '37.245.166.183', '1659', '896"\n']
['10.02.2025', '2', '1', '74.226.183.81', '51973', '37"\n']
['10.02.2025', '5', '1', '7f4f:09a8:ffbf:d934:4bfa:bb7a:fa55:bcfa', '52492', '469"\n']
['10.02.2025', '3', '1', 'c2ea:43d8:aaae:eefd:354f:c192:8c6a:b8cc', '36345', '694"\n']
['10.02.2025', '1', '1', '128.199.160.143', '21609', '970"\n']
['10.02.2025', '3', '1', '8c3d:bc4a:b6f0:fe6c:3cce:cd6c:4834:c9cb', '11071', '949"\n']
['10.02.2025', '3', '1', 'eac6:8d07:8b32:22eb:bb9c:babd:ac11:f2ab', '60120', '704"\n']
['10.02.2025', '1', '1', '250.20.94.204', '51192', '393"\n']
['10.02.2025', '1', '1', 'dc15:d2a7:fd05:d9d7:e089:d8a8:a65b:ac0a', '39482', '88"\n']
['10.02.2025', '5', '1', '176.155.151.154', '28801', '851"\n']
['10.02.2025', '2', '1', '19.203.142.31', '10261', '673"\n']
['10.02.2025', '4', '1', '24.229.164.156', '13018', '477"\n']
['10.02.2025', '2', '1', '186.181.156.5', '22790', '925"\n']
['10.02.2025', '3', '1', 'c4bd:61aa:f7dc:f724:ea7c:0a47:2876:76c0', '46925', '718"\n']
['10.02.2025', '3', '1', '77.194.84.117', '50897', '738"\n']
['10.02.2025', '1', '1', '230.239.215.197', '31302', '961"\n']
['10.02.2025', '5', '1', '62.124.127.5', '54667', '328"\n']
['10.02.2025', '3', '1', '6d75:def4:859c:afc3:f3ef:4ffe:bcf7:de7b', '10988', '165"\n']
['10.02.2025', '2', '1', '127.170.150.115', '54009', '13"\n']
['10.02.2025', '3', '1', 'cdcc:1f62:91b3:45d8:668b:718a:d10b:dd40', '59547', '436"\n']
['10.02.2025', '2', '1', '5b8c:f167:7bd8:2cef:ce9d:2fc5:4f2b:b6e5', '61754', '470"\n']
['10.02.2025', '1', '1', '176.29.120.15', '5083', '904"\n']
['10.02.2025', '2', '1', 'bf73:84c8:45e2:21ca:af86:aed4:cf63:dfc2', '40298', '867"\n']
['10.02.2025', '5', '1', '87.35.103.216', '27104', '55"\n']
['10.02.2025', '5', '1', 'fbf2:a47d:53db:ecb4:b3cf:acdf:1f18:01e3', '18148', '725"\n']
['10.02.2025', '3', '1', '65.198.227.94', '5656', '118"\n']
['10.02.2025', '4', '1', '218.143.93.186', '34996', '873"\n']
['10.02.2025', '5', '1', '31.110.163.117', '38781', '910"\n']
['10.02.2025', '5', '1', 'dab8:bf8e:ad06:8a6d:0ea9:c3cb:3fad:8a08', '28097', '758"\n']
['10.02.2025', '3', '1', 'd7fb:ff33:d7f7:babe:fe8e:1cc5:cc51:a4f9', '61532', '439"\n']
['10.02.2025', '5', '1', '6d8f:1f35:0fc9:9739:9a0d:cd8e:0bcc:28bb', '46581', '565"\n']
['10.02.2025', '4', '1', '57.54.162.245', '6479', '757"\n']
['10.02.2025', '1', '1', '203.131.159.183', '54054', '660"\n']
['10.02.2025', '3', '1', 'a87c:b20e:febc:b323:24fe:e9cb:b1ac:3668', '53578', '74"\n']
['10.02.2025', '3', '1', '127.154.154.130', '19783', '531"\n']
['10.02.2025', '5', '1', '78.131.242.103', '46167', '459"\n']
['10.02.2025', '4', '1', '3daa:d635:2749:e2a9:bcd4:3370:5eb5:5df2', '21746', '711"\n']
['10.02.2025', '5', '1', '9d3d:db1b:edc2:85ab:c2d8:cead:d740:e8c5', '54259', '797"\n']
['10.02.2025', '1', '1', '156.156.41.68', '59988', '667"\n']
['10.02.2025', '4', '1', '134.39.222.153', '53382', '555"\n']
['10.02.2025', '4', '1', '178.64.235.159', '20969', '810"\n']
['10.02.2025', '3', '1', '2ec4:2ddd:4f6c:cbf6:da67:13f8:c9ff:c3cc', '35999', '416"\n']
['10.02.2025', '1', '1', '186.138.95.22', '38649', '525"\n']
['10.02.2025', '3', '1', 'd3b4:1f3d:505a:3f1f:a6ad:2beb:18af:c3bd', '40873', '132"\n']
['10.02.2025', '1', '1', '107.118.24.70', '35208', '861"\n']
['10.02.2025', '3', '1', 'aad3:6ebb:6bc0:6b4d:1da5:c8bc:0e1a:eee7', '45631', '660"\n']
['10.02.2025', '4', '1', '157.220.85.244', '51615', '489"\n']
['10.02.2025', '3', '1', 'd46d:eaf6:dc61:66a9:c8fe:c5e5:b1b7:75f8', '46101', '468"\n']
['10.02.2025', '2', '1', '194.76.105.87', '35924', '348"\n']
['10.02.2025', '1', '1', 'a1c8:adbc:2d49:5fb2:9f2d:728c:cbfd:08ac', '38674', '953"\n']
['10.02.2025', '2', '1', '161.62.248.169', '5781', '698"\n']
['10.02.2025', '1', '1', '47.46.131.162', '27900', '767"\n']
['10.02.2025', '4', '1', 'b7ae:dfee:7cef:3aac:d0ad:bbfb:dcaa:b70a', '27689', '962"\n']
['10.02.2025', '2', '1', '8508:cb03:7bd4:fedd:ef32:62cb:9146:faa9', '18920', '851"\n']
['10.02.2025', '5', '1', '98.248.221.78', '7242', '865"\n']
['10.02.2025', '5', '1', 'd327:0e7d:375b:fd27:1f2c:d770:5f3b:1de4', '11995', '521"\n']
['10.02.2025', '1', '1', '241.67.160.93', '26723', '877"\n']
['10.02.2025', '4', '1', '796e:c702:418a:fb28:cd18:7d8a:4c08:d0d9', '35651', '587"\n']
['10.02.2025', '4', '1', 'c69f:6ccc:0ee5:1cec:270a:8eec:b86b:b078', '65093', '83"\n']
['10.02.2025', '2', '1', '95.127.68.195', '909', '504"\n']
['10.02.2025', '2', '1', '18.213.33.40', '25544', '225"\n']
['10.02.2025', '5', '1', '218.58.180.84', '10447', '307"\n']
['10.02.2025', '5', '1', '45da:e261:ad00:afd1:7ed3:aef3:4e7c:0c53', '51084', '980"\n']
['10.02.2025', '5', '1', '0ba9:ac22:3fd7:4afa:98a9:42f1:2647:20aa', '61906', '898"\n']
['10.02.2025', '5', '1', '69.18.177.32', '1201', '944"\n']
['10.02.2025', '4', '1', 'cb6f:4e4a:d3be:bdf5:6e4a:f0ae:fa7c:a5b7', '30644', '275"\n']
['10.02.2025', '5', '1', '24b7:0e3e:cc0a:6565:e70c:eae7:a0e0:4e83', '40404', '573"\n']
['10.02.2025', '3', '1', '63c1:d5a6:43eb:caaa:ff85:3ee3:fdcb:5bbb', '59724', '837"\n']
['10.02.2025', '4', '1', '24.41.65.100', '21589', '867"\n']
['10.02.2025', '1', '1', '117.121.247.184', '27070', '332"\n']
['10.02.2025', '2', '1', '125.72.182.202', '29754', '100"\n']
['10.02.2025', '3', '1', 'a6cf:2fef:9268:fc04:c8fb:e752:6d9b:0fd4', '40961', '408"\n']
['10.02.2025', '1', '1', 'ad9e:9b5f:3dab:c9ae:7fec:c87b:f590:aaf2', '53659', '633"\n']
['10.02.2025', '4', '1', '39.7.7.59', '27839', '718"\n']
['10.02.2025', '5', '1', 'e823:f09f:8dfd:d78e:ffdf:dbcd:98d8:6a90', '31807', '354"\n']
['10.02.2025', '2', '1', '70.57.181.211', '10050', '488"\n']
['10.02.2025', '4', '1', 'a8a0:17f7:8dc0:45f4:2aa9:2d0a:7fbd:d90d', '7638', '374"\n']
['10.02.2025', '1', '1', '193.184.65.180', '54933', '496"\n']
['10.02.2025', '4', '1', '82.15.198.224', '55332', '758"\n']
['10.02.2025', '1', '1', '175.28.0.157', '60554', '7"\n']
['10.02.2025', '1', '1', 'acb2:0dbb:21df:e4f9:25de:4348:bfef:fade', '29121', '100"\n']
['10.02.2025', '3', '1', 'b1f4:ef99:05ea:bbd2:4c5d:0003:4f3d:eacd', '43098', '723"\n']
['10.02.2025', '2', '1', 'a34c:e24d:eb69:4e98:14f7:0a97:a2aa:ef0c', '42589', '441"\n']
['10.02.2025', '2', '1', '200.191.26.233', '20731', '820"\n']
['10.02.2025', '1', '1', '155.21.175.154', '47738', '850"\n']
['10.02.2025', '5', '1', 'a320:fcfb:5810:d9b0:40a8:ad7a:fd6f:afc4', '59373', '758"\n']
['10.02.2025', '1', '1', 'ccd6:ae5b:cda2:0e21:ce1b:5ce4:d29a:afcc', '53997', '554"\n']
['10.02.2025', '4', '1', 'c56c:7a57:36e2:0f2b:dda7:6dda:edab:a8df', '58243', '102"\n']
['10.02.2025', '3', '1', 'ed3a:ff43:bfae:622f:e38b:88fe:ce26:b6de', '5296', '202"\n']
['10.02.2025', '4', '1', '199.166.225.233', '27616', '284"\n']
['10.02.2025', '1', '1', 'fdee:dd72:add6:ca4f:022a:c6de:63a3:48ee', '49127', '755"\n']
['10.02.2025', '5', '1', '141.131.5.255', '26170', '74"\n']
['10.02.2025', '4', '1', '208.81.233.3', '48736', '76"\n']
['10.02.2025', '2', '1', 'febb:e05e:be96:07b3:b2f9:7e5f:ba23:6d86', '20083', '309"\n']
['10.02.2025', '5', '1', '4a1f:7bf8:3efd:3d27:c93c:187e:896f:30df', '50809', '11"\n']
['10.02.2025', '4', '1', '62c0:9ced:7ce1:b49b:a455:fc66:c09b:f6fc', '40030', '404"\n']
['10.02.2025', '2', '1', '49bb:5112:7f67:ceeb:c79c:674b:0b0a:bbd3', '254', '899"\n']
['10.02.2025', '2', '1', '137.56.226.66', '29652', '269"\n']
['10.02.2025', '5', '1', '35.45.246.247', '30494', '253"\n']
['10.02.2025', '2', '1', '26.179.131.113', '37000', '86"\n']
['10.02.2025', '2', '1', '6.116.226.214', '10121', '336"\n']
['10.02.2025', '4', '1', '17.90.247.96', '25311', '696"\n']
['10.02.2025', '4', '1', 'aefd:82ab:23a6:96cc:83b3:dd9f:bde2:4d8b', '47786', '56"\n']
['10.02.2025', '1', '1', '84.236.68.84', '16273', '290"\n']
['10.02.2025', '3', '1', '157.209.56.105', '38905', '391"\n']
['10.02.2025', '1', '1', '2d0f:9602:3cce:ecf2:afa7:fa17:6821:cb84', '8566', '191"\n']
['10.02.2025', '2', '1', '239.140.207.34', '13803', '640"\n']
['10.02.2025', '5', '1', '160.152.37.252', '44680', '425"\n']
['10.02.2025', '1', '1', '2d78:38b8:fde8:f99b:f5b5:a5cc:4160:ff32', '7298', '560"\n']
['10.02.2025', '4', '1', '44.150.181.151', '36727', '151"\n']
['10.02.2025', '3', '1', '244.31.160.250', '3104', '991"\n']
['10.02.2025', '4', '1', 'c1e3:b252:bcfe:b4b9:8a9c:cb1e:d61d:def0', '57031', '886"\n']
['10.02.2025', '1', '1', '7c0d:41b4:cfab:c0cc:849b:4fd2:50f4:8dfc', '53579', '691"\n']
['10.02.2025', '4', '1', 'cb60:3bb4:6da3:9918:8206:c40f:da27:21ac', '43158', '606"\n']
['10.02.2025', '3', '1', '190.151.219.231', '33875', '517"\n']
['10.02.2025', '5', '1', 'fe13:f423:cbea:bd7a:f4cd:98ee:e412:dea4', '42967', '730"\n']
['10.02.2025', '5', '1', 'b8e0:01da:e6a9:aca5:4e22:bc9c:cddf:edeb', '6142', '601"\n']
['10.02.2025', '4', '1', '100.159.60.200', '17849', '179"\n']
['10.02.2025', '2', '1', '85ac:2517:734f:ed87:d8ba:be67:fa2c:acde', '8989', '302"\n']
['10.02.2025', '1', '1', 'c00b:2cd5:8c95:fbcd:313e:6cbe:48ca:2e5c', '7219', '165"\n']
['10.02.2025', '1', '1', '8dfb:cfa0:ce5e:da8e:6cf4:d4f0:3e3c:c8b5', '32731', '735"\n']
['10.02.2025', '3', '1', '203.196.86.58', '38989', '653"\n']
['10.02.2025', '3', '1', 'd8a7:decb:f9ea:4fd2:5e46:ba4d:907f:2ffd', '4113', '606"\n']
['10.02.2025', '2', '1', '195.127.175.124', '50507', '161"\n']
['10.02.2025', '5', '1', 'fcab:7e91:00e3:2bed:fefd:800f:cafb:ad19', '10153', '678"\n']
['10.02.2025', '5', '1', 'ee81:6bda:bbfc:882d:7bab:35de:f5fe:9eae', '23316', '730"\n']
['10.02.2025', '2', '1', '113.35.56.179', '42802', '590"\n']
['10.02.2025', '2', '1', '47.174.131.171', '30491', '493"\n']
['10.02.2025', '5', '1', '9baa:f2f5:d97b:91ca:d77e:b4d7:05be:70c4', '48412', '523"\n']
['10.02.2025', '1', '1', 'ad6a:79c7:5aad:fabb:b6f4:ddc4:bf20:d9d4', '44829', '870"\n']
['10.02.2025', '5', '1', '216.242.113.91', '16507', '617"\n']
['10.02.2025', '4', '1', '120.157.31.161', '59750', '80"\n']
['10.02.2025', '3', '1', 'cda8:63da:bec7:71dd:afe7:eae6:accd:d7b0', '54356', '611"\n']
['10.02.2025', '3', '1', '4f37:fe72:181b:ca11:ea62:1aec:8eba:3a0b', '28342', '634"\n']
['10.02.2025', '1', '1', '85.123.239.157', '2223', '42"\n']
['10.02.2025', '1', '1', '00cd:8b2c:87a2:db4d:cece:9884:a4af:6565', '55313', '76"\n']
['10.02.2025', '4', '1', 'efef:f1cd:effa:d06a:acb3:3cea:4c9f:de43', '29379', '833"\n']
['10.02.2025', '4', '1', 'c6ae:0b88:0fd8:f444:d56c:cd4c:3efc:ebed', '8092', '422"\n']
['10.02.2025', '2', '1', 'fad6:32d4:5ddf:aa20:c6ef:6e86:9fbf:0fe3', '25642', '581"\n']
['10.02.2025', '1', '1', '210.90.20.221', '60195', '681"\n']
['10.02.2025', '1', '1', 'ff6c:cd8f:6f19:f19c:edb2:e3f6:e1fb:cded', '13619', '923"\n']
['10.02.2025', '4', '1', '142.3.192.23', '1938', '865"\n']
['10.02.2025', '1', '1', '187.247.88.192', '62491', '904"\n']
['10.02.2025', '4', '1', '57c7:e204:61eb:6806:4db8:7d76:1094:0f21', '52375', '492"\n']
['10.02.2025', '3', '1', '12.86.18.63', '62175', '937"\n']
['10.02.2025', '3', '1', '4fde:fdfa:d0ce:1c5e:71fd:e13b:d31e:3cdf', '2669', '990"\n']
['10.02.2025', '3', '1', '118.228.156.100', '47257', '380"\n']
['10.02.2025', '3', '1', '107.207.78.92', '3646', '776"\n']
['10.02.2025', '3', '1', '87.63.92.228', '44030', '16"\n']
['10.02.2025', '3', '1', '244.238.74.245', '17452', '994"\n']
['10.02.2025', '4', '1', '629a:aab3:9bad:0520:56e4:efaf:af38:e5da', '45175', '287"\n']
['10.02.2025', '2', '1', 'abf9:4ea2:a907:c8d6:e4fa:f734:ad3b:24ac', '19911', '551"\n']
['10.02.2025', '1', '1', '692b:9d6c:a313:e492:a32d:acae:458e:0b90', '49160', '138"\n']
['10.02.2025', '4', '1', '228.184.115.56', '34756', '179"\n']
['10.02.2025', '1', '1', '213.29.157.225', '7314', '342"\n']
['10.02.2025', '2', '1', '57.107.69.146', '41081', '695"\n']
['10.02.2025', '2', '1', '8eda:e591:c9eb:f0e6:5129:1cec:2a72:c8de', '32547', '384"\n']
['10.02.2025', '1', '1', 'fbb4:c4c5:4cc8:46cc:aa49:21bb:b78f:96ed', '23487', '911"\n']
['10.02.2025', '1', '1', 'bafb:4da9:e9bf:6ee6:a3ab:6233:5656:2aa0', '41177', '751"\n']
['10.02.2025', '2', '1', '173.106.30.222', '3251', '77"\n']
['10.02.2025', '5', '1', 'ef4c:ba7a:fbec:0eba:2e20:ba0a:b657:d5ff', '62417', '397"\n']
['10.02.2025', '4', '1', '1e39:4e7c:058b:b89e:ddac:950e:cdfd:08dd', '11860', '510"\n']
['10.02.2025', '3', '1', '7ad8:e08a:6d49:bf11:b9f7:483a:5de1:a0a0', '65385', '47"\n']
['10.02.2025', '3', '1', '26.87.23.205', '62668', '407"\n']
['10.02.2025', '5', '1', '144.233.124.192', '26478', '557"\n']
['10.02.2025', '5', '1', 'bc12:d438:cbb8:636c:1c2e:bf5b:c6d6:ea65', '50955', '669"\n']
['10.02.2025', '1', '1', '2.227.17.233', '32030', '785"\n']
['10.02.2025', '3', '1', '76.212.248.81', '18823', '311"\n']
['10.02.2025', '2', '1', 'bcbd:eaff:ae8c:facf:75bd:9de6:059f:b8be', '47223', '456"\n']
['10.02.2025', '5', '1', '6cc8:e130:f055:d3cf:aff3:45fb:6fbc:8db0', '33328', '53"\n']
['10.02.2025', '4', '1', 'e2b2:bcb0:adbd:d8da:eceb:f8fb:42d7:afab', '51504', '1"\n']
['10.02.2025', '5', '1', 'd70e:4566:7d65:cfd5:b8d9:a7b4:cfcc:3145', '32107', '458"\n']
['10.02.2025', '1', '1', '47.203.252.133', '19811', '330"\n']
['10.02.2025', '3', '1', '2870:6bce:a058:c6dc:fc6d:feeb:c5dc:a6f5', '53792', '21"\n']
['10.02.2025', '1', '1', 'd0a8:c509:bafb:071e:a2b6:8b6a:c6c8:0eb6', '44841', '122"\n']
['10.02.2025', '4', '1', 'de03:5c88:fac3:43ee:abe2:b822:1ef3:e55e', '26598', '701"\n']
['10.02.2025', '1', '1', 'feec:0d07:e4eb:1caa:dc9f:d5f5:3125:c74f', '64709', '547"\n']
['10.02.2025', '2', '1', '38.77.242.56', '6495', '276"\n']
['10.02.2025', '2', '1', '81dd:4ebd:43c3:c5ce:03ae:8e78:e4a8:802a', '60117', '40"\n']
['10.02.2025', '3', '1', '0e8a:4573:dedb:b1aa:1b9a:de7e:1224:31ba', '23193', '350"\n']
['10.02.2025', '3', '1', '45b7:ccab:b4fb:aaab:2d4f:de46:9b2f:c26e', '26051', '271"\n']
['10.02.2025', '1', '1', 'd28d:650b:a8ab:f747:b9ec:b9b9:4be9:ea3e', '23898', '282"\n']
['10.02.2025', '1', '1', '95.45.224.234', '60280', '792"\n']
['10.02.2025', '1', '1', 'ec2a:1bf3:38ac:a3d3:2eb3:21b5:f65d:dbd2', '2678', '303"\n']
['10.02.2025', '5', '1', 'bd0a:d2dd:eedf:c4eb:da84:bcac:3b9a:26df', '12158', '204"\n']
['10.02.2025', '1', '1', 'e7da:dba8:aab5:8d20:1a46:6bcc:af9f:4b68', '40367', '473"\n']
['10.02.2025', '5', '1', '97.3.255.218', '30865', '25"\n']
['10.02.2025', '2', '1', '203.177.186.104', '4201', '848"\n']
['10.02.2025', '4', '1', '11.72.207.117', '65534', '878"\n']
['10.02.2025', '3', '1', 'edfc:bd3d:f22a:cd36:dc2d:0d7f:4891:e6ff', '15670', '253"\n']
['10.02.2025', '3', '1', '13.115.245.27', '62312', '70"\n']
['10.02.2025', '4', '1', '198.111.73.141', '58151', '808"\n']
['10.02.2025', '2', '1', '222.105.198.211', '32016', '828"\n']
['10.02.2025', '4', '1', '17.25.200.254', '43665', '445"\n']
['10.02.2025', '2', '1', '2f40:bbcb:1f84:1b91:ff6a:86ad:d06d:eac8', '32597', '3"\n']
['10.02.2025', '1', '1', 'ef9f:77b8:9f74:ba1c:0fcb:ae75:4be3:db8c', '64488', '656"\n']
['10.02.2025', '2', '1', 'bb46:f2ae:adeb:eb27:4bb5:0390:859d:e1f4', '3718', '707"\n']
['10.02.2025', '5', '1', '99.254.60.202', '12372', '228"\n']
['10.02.2025', '1', '1', 'fd2e:2689:bcc6:aef4:4fce:148a:5e0b:b774', '48226', '848"\n']
['10.02.2025', '4', '1', '51.116.39.49', '47215', '482"\n']
['10.02.2025', '4', '1', 'c1af:dffa:88f9:59a7:dcb2:d0fc:b8cf:e19d', '57940', '447"\n']
['10.02.2025', '1', '1', '6d07:d5bd:2dd8:97e4:5b2f:bb75:eed7:1c42', '22613', '788"\n']
['10.02.2025', '3', '1', '114.142.241.248', '14689', '843"\n']
['10.02.2025', '4', '1', '72.177.177.36', '32633', '307"\n']
['10.02.2025', '4', '1', '91ec:11a2:c802:9d2d:ca31:47ab:dccb:82de', '45393', '72"\n']
['10.02.2025', '1', '1', 'b495:d19c:487f:bead:b0fa:a82f:00fe:be86', '3123', '248"\n']
['10.02.2025', '5', '1', '166.10.154.88', '5292', '185"\n']
['10.02.2025', '3', '1', '0ca9:9eee:bb51:1dc7:1b4b:a9ae:bb27:a772', '59327', '877"\n']
['10.02.2025', '1', '1', 'afee:bbc0:add8:cff5:c5f8:dbc8:b0d7:df8a', '29340', '144"\n']
['10.02.2025', '5', '1', '17.12.58.167', '4442', '641"\n']
['10.02.2025', '4', '1', '183.148.156.119', '5073', '640"\n']
['10.02.2025', '5', '1', '38.124.51.7', '8143', '286"\n']
['10.02.2025', '5', '1', 'db13:66ed:31ed:ed87:ba9c:ebad:fbec:b8f4', '57627', '834"\n']
['10.02.2025', '3', '1', '196.106.249.49', '10222', '929"\n']
['10.02.2025', '3', '1', '208.250.34.209', '52283', '426"\n']
['10.02.2025', '4', '1', '169.206.37.160', '5748', '654"\n']
['10.02.2025', '1', '1', 'f31a:6a7d:ffba:f7ac:215c:dfbc:32cf:f4ec', '54002', '991"\n']
['10.02.2025', '5', '1', '5eed:faee:dadb:8cc8:d196:1bc8:c7bd:7d1c', '29748', '562"\n']
['10.02.2025', '3', '1', 'af75:1100:5ec5:78b2:acad:a2bc:a4ed:eacf', '19135', '327"\n']
['10.02.2025', '3', '1', 'dee8:bfba:8fad:d2dc:7baf:e86a:a0b6:fddc', '43427', '792"\n']
['10.02.2025', '1', '1', '111.88.152.127', '14131', '335"\n']
['10.02.2025', '4', '1', '754c:1d5b:3c34:f166:ec48:3065:e6af:cc66', '2911', '83"\n']
['10.02.2025', '2', '1', '03bf:f4ca:86a1:1951:0b1d:acbd:708b:90af', '50524', '293"\n']
['10.02.2025', '5', '1', '246.218.214.86', '53109', '655"\n']
['10.02.2025', '3', '1', '225.45.126.238', '5848', '284"\n']
['10.02.2025', '3', '1', 'badc:9cf4:9cc4:1fff:14b0:78d0:6d34:da1b', '60145', '896"\n']
['10.02.2025', '5', '1', '241.154.107.25', '57333', '229"\n']
['10.02.2025', '5', '1', '8b20:a57b:e20e:7faf:c9cd:6cd1:4f44:6e65', '12780', '8"\n']
['10.02.2025', '2', '1', 'e3f2:795f:ee2c:c347:2bfb:ae0c:2fba:de11', '4649', '618"\n']
['10.02.2025', '3', '1', '0b91:8499:d1e9:705a:e9da:d7b7:b885:ffaf', '19927', '230"\n']
['10.02.2025', '2', '1', 'b2d2:f645:df57:ffd7:8a09:cf36:7d0d:28f6', '63471', '946"\n']
['10.02.2025', '3', '1', 'be8b:bcdf:23ac:047b:8ef4:3c88:af76:7e7c', '4700', '419"\n']
['10.02.2025', '5', '1', 'fec8:9d7d:7f18:a51b:aa8f:0df3:4d6c:e488', '55244', '716"\n']
['10.02.2025', '1', '1', '221.112.161.172', '48123', '203"\n']
['10.02.2025', '3', '1', '174.125.26.76', '10792', '512"\n']
['10.02.2025', '5', '1', 'e8a2:bb09:c6df:9f0f:c6e3:feee:7f51:8e65', '36178', '396"\n']
['10.02.2025', '4', '1', 'ae0a:b862:aee1:69a3:eeeb:34ba:c72f:963a', '47614', '82"\n']
['10.02.2025', '3', '1', 'b244:232e:80a7:d05b:a883:420e:bd21:6b5d', '42129', '972"\n']
['10.02.2025', '4', '1', '192.231.255.17', '11434', '545"\n']
['10.02.2025', '2', '1', '42c7:a9d3:fcbd:ef1d:291e:1c9a:176c:ad5a', '44701', '374"\n']
['10.02.2025', '5', '1', '146.142.182.20', '49311', '335"\n']
['10.02.2025', '2', '1', '54.183.196.189', '26046', '222"\n']
['10.02.2025', '3', '1', 'a2cc:07af:5947:bffd:f9af:fcc6:164a:740b', '45762', '627"\n']
['10.02.2025', '5', '1', '214.28.177.82', '7317', '547"\n']
['10.02.2025', '2', '1', '44.68.241.94', '53557', '742"\n']
['10.02.2025', '4', '1', '59.179.201.190', '41100', '825"\n']
['10.02.2025', '2', '1', 'ba63:e1bf:3b8b:a80f:2600:9ba0:56ba:b3fc', '52787', '376"\n']
['10.02.2025', '4', '1', '52c1:f9f1:ac53:aff4:0add:bc6d:c80a:4ceb', '49945', '799"\n']
['10.02.2025', '5', '1', 'ef6a:ab30:2b6c:19ce:a9cd:a932:4e8b:dfdb', '24624', '798"\n']
['10.02.2025', '3', '1', '199.243.208.129', '7980', '944"\n']
['10.02.2025', '4', '1', '1ced:15e9:03c7:d72b:c284:c73e:e977:d8c8', '39768', '868"\n']
['10.02.2025', '1', '1', 'f8ac:1994:fbdb:dfcd:bbee:7baa:b76e:4ff0', '40419', '757"\n']
['10.02.2025', '3', '1', '247.60.77.70', '13879', '964"\n']
['10.02.2025', '1', '1', '67cb:d18a:1fae:6d23:d0bb:c4dc:d528:daad', '54988', '738"\n']
['10.02.2025', '4', '1', 'e3bf:62fb:e56e:edbe:4cd4:59b2:1dba:8fa2', '61968', '896"\n']
['10.02.2025', '2', '1', '29.254.144.17', '12397', '301"\n']
['10.02.2025', '3', '1', '243.177.221.29', '1883', '905"\n']
['10.02.2025', '3', '1', 'f8db:eecc:e2ce:f5ca:972f:835b:63cc:af4e', '7345', '241"\n']
['10.02.2025', '1', '1', '93.128.157.59', '31578', '326"\n']
['10.02.2025', '4', '1', '183.2.251.69', '53333', '159"\n']
['10.02.2025', '3', '1', '17.12.70.42', '14037', '304"\n']
['10.02.2025', '5', '1', 'bbc2:cbaa:aee1:2b62:1e5d:12f7:717e:bc2d', '46861', '25"\n']
['10.02.2025', '3', '1', '169.94.45.179', '4553', '220"\n']
['10.02.2025', '1', '1', '0f58:cc79:1f6e:bc5c:ca0d:cdd3:beac:a5ac', '15501', '746"\n']
['10.02.2025', '5', '1', '5f93:de88:914c:9dda:33ea:a5bc:c1ca:f753', '63136', '621"\n']
['10.02.2025', '3', '1', '60.249.234.159', '37423', '152"\n']
['10.02.2025', '4', '1', 'abfe:2cfd:1ec5:c4ce:9405:58cd:d888:27cf', '52896', '773"\n']
['10.02.2025', '2', '1', '93.129.162.95', '46676', '734"\n']
['10.02.2025', '4', '1', '133.239.150.84', '3070', '341"\n']
['10.02.2025', '4', '1', '175.234.10.207', '40686', '851"\n']
['10.02.2025', '3', '1', '207.197.179.149', '51608', '983"\n']
['10.02.2025', '1', '1', '17c8:90e5:3ab0:b8d7:0dfb:dad0:d275:39bc', '49690', '663"\n']
['10.02.2025', '4', '1', '122.132.134.194', '17018', '51"\n']
['10.02.2025', '5', '1', '250.224.102.31', '32606', '570"\n']
['10.02.2025', '2', '1', '104.151.199.47', '40061', '315"\n']
['10.02.2025', '2', '1', 'b8e9:b74a:ada7:4e91:db3c:9bd0:697c:ac99', '3952', '824"\n']
['10.02.2025', '4', '1', 'f0c2:4f42:d624:adf5:5bae:fdfd:fdce:7b0f', '4578', '981"\n']
['10.02.2025', '3', '1', '163.228.126.215', '5945', '141"\n']
['10.02.2025', '5', '1', '172.236.191.66', '23594', '52"\n']
['10.02.2025', '2', '1', 'a0e6:11df:e03f:a1fb:1fcd:edfa:7178:f440', '64993', '705"\n']
['10.02.2025', '5', '1', '118.53.247.228', '20095', '592"\n']
['10.02.2025', '3', '1', '49.235.21.102', '24531', '837"\n']
['10.02.2025', '2', '1', '117.197.96.200', '22322', '370"\n']
['10.02.2025', '5', '1', '71.184.148.244', '40296', '272"\n']
['10.02.2025', '1', '1', '40.225.39.78', '33858', '971"\n']
['10.02.2025', '4', '1', '184.81.164.9', '44849', '292"\n']
['10.02.2025', '1', '1', 'a45d:d9da:b1bb:cd96:7a7e:5fc9:074b:c26e', '28142', '208"\n']
['10.02.2025', '3', '1', '2afd:5d7b:64fc:adad:a48e:77fd:51da:ebf2', '19252', '966"\n']
['10.02.2025', '3', '1', '3132:b473:badc:4f1f:ba2f:ec26:ecfa:a12b', '40393', '360"\n']
['10.02.2025', '4', '1', '234.48.153.215', '27720', '609"\n']
['10.02.2025', '5', '1', '253.172.244.71', '34473', '243"\n']
['10.02.2025', '1', '1', '137.190.172.191', '22146', '164"\n']
['10.02.2025', '4', '1', '196.44.207.155', '584', '876"\n']
['10.02.2025', '4', '1', 'dac4:f324:d4f5:ca4d:2a6a:7078:9db6:1019', '9026', '747"\n']
['10.02.2025', '2', '1', '123.114.15.154', '17089', '511"\n']
['10.02.2025', '2', '1', '67.54.154.119', '37509', '871"\n']
['10.02.2025', '5', '1', '44.175.58.72', '63209', '566"\n']
['10.02.2025', '1', '1', 'e3b3:7cb8:2d8f:2bd3:59ea:ff77:b8e9:3f6a', '58199', '590"\n']
['10.02.2025', '1', '1', '33.40.154.158', '56080', '588"\n']
['10.02.2025', '2', '1', 'cfac:a699:68cf:40e6:fb09:d839:3f17:5e4e', '9508', '731"\n']
['10.02.2025', '3', '1', '48ea:bcbd:be55:ce4b:cf33:ecc8:e83b:eb65', '44978', '466"\n']
['10.02.2025', '4', '1', 'de69:c1de:79f4:a8c3:7fd4:fddf:a36a:d4ce', '13000', '963"\n']
['10.02.2025', '3', '1', 'ac38:b30b:437b:fe09:8dab:523a:6e94:f950', '60967', '98"\n']
